yg,hu,djclzj@chgchgc,0786546756,3 rue fgihkhhk,3,Non,null,pass1jour,choixJour1,null,Non,Non,Non,Non,Non,Non,Non,Non,enfantsNon,0,1
ajjj,b,djzlk@ell.fr,0786546756,3 rue fgihkhhk,2,Non,null,pass1jour,Jour3,null,Non,Non,tenteNuit3,Non,Non,Non,Non,Non,Non,1,1
broumix,stephane,stephane.broumix@gmail.com,0786546756,3 rue fgihkh dfgsyejr,3,Non,null,pass2jours,null,choixJour12,tenteNuit1,Non,Non,Non,Non,Non,Non,Non,Oui,1,5
broumix,stephane,stephane.broumix@gmail.com,0786546756,3 rue fgihkh dfgsyejr,3,Non,null,pass2jours,null,Jour12,tenteNuit1,Non,Non,Non,Non,Non,Non,Non,Oui,1,5
broumix,stephane,stephane.broumix@gmail.com,0786546756,3 rue fgihkh dfgsyejr,3,Non,null,pass2jours,null,Jour12,tenteNuit1,Non,Non,Non,Non,Non,Non,Non,Oui,1,5
broumix,stephane,stephane.broumix@gmail.com,0786546756,3 rue fgihkh dfgsyejr,3,Non,null,pass2jours,null,Jour12,tenteNuit1,Non,Non,Non,Non,Non,Non,Non,Oui,1,5
broumix,stephane,stephane.broumix@gmail.com,0786546756,3 rue fgihkh dfgsyejr,3,Non,null,pass2jours,null,Jour12,tenteNuit1,Non,Non,Non,Non,Non,Non,Non,Oui,1,5
broumix,stephane,stephane.broumix@gmail.com,0786546756,3 rue fgihkh dfgsyejr,3,Non,null,pass2jours,null,Jour12,Oui,Non,Non,Non,Non,Non,Non,Non,Oui,1,5
broumix,stephane,stephane.broumix@gmail.com,0786546756,3 rue fgihkh dfgsyejr,3,Non,null,pass2jours,null,Jour12,Oui,Non,Non,Non,Non,Non,Non,Non,Oui,1,5
broumix,stephane,stephane.broumix@gmail.com,0786546756,3 rue fgihkh dfgsyejr,3,Non,null,pass2jours,null,Jour12,Oui,Non,Non,Non,Non,Non,Non,Non,Oui,1,5
broumix,stephane,stephane.broumix@gmail.com,0786546756,3 rue fgihkh dfgsyejr,3,Non,null,pass2jours,null,Jour12,Oui,Non,Non,Non,Non,Non,Non,Non,Oui,1,5
tbf,trbgt,fdfd@vervr.com,0619283948,fdfdfs,3,Non,null,pass1jour,Jour1,null,Non,Non,Non,Non,Non,Non,Non,Non,Oui,,
broumix,stephane,stephane.broumix@gmail.com,0786546756,3 rue fgihkh dfgsyejr,3,Non,null,pass1jour,null,Jour12,Oui,Non,Non,Non,Non,Non,Non,Non,Oui,1,5
broumix,stephane,stephane.broumix@gmail.com,0786546756,3 rue fgihkh dfgsyejr,3,Non,null,pass1jour,null,Jour12,Oui,Non,Non,Non,Non,Non,Non,Non,Oui,1,5
broumix,stephane,stephane.broumix@gmail.com,0786546756,3 rue fgihkh dfgsyejr,1,Non,null,pass1jour,Jour1,null,Oui,Non,Non,Non,Non,Non,Non,Non,Non,2,3
broumix,stephane,stephane.broumix@gmail.com,0786546756,3 rue fgihkh dfgsyejr,1,Non,null,pass1jour,Jour1,null,Oui,Non,Non,Non,Non,Non,Non,Non,Non,2,3
yg,hu,djclzj@chgchgc,0786546756,3 rue fgihkhhk,1,Non,null,pass1jour,Jour2,null,Non,Oui,Non,Non,Non,Non,Non,Non,Non,0,0
broumix,ldodo,djclzj@chgchgc,0786546756,3 rue fgihkhhk,2,Non,null,pass2jours,null,null,Non,Non,Non,Non,Non,Non,Non,Non,,,
broumix,ldodo,djclzj@chgchgc,0786546756,3 rue fgihkhhk,2,Non,null,pass2jours,null,null,Non,Non,Non,Non,Non,Non,Non,Non,,,
yg,hu,djzlk@ell.fr,0786546756,3 rue fgihkh dfgsyejr,3,Oui,pass2joursReduit,null,null,null,Non,Non,Non,Non,Non,Non,Non,Non,,,
yg,hu,djzlk@ell.fr,0786546756,3 rue fgihkhhk,3,Non,null,pass3jours,null,null,Oui,Non,Oui,Non,Non,Non,Non,Non,,,
loels,ldodo,djclzj@chgchgc,0786546756,3 rue fgihkhhk,4,Non,null,pass3jours,null,null,Non,Non,Non,Oui,Non,Non,Non,Non,,2,6
loels,ldodo,djclzj@chgchgc,0786546756,3 rue fgihkhhk,4,Non,null,pass3jours,null,null,Non,Non,Non,Oui,Non,Non,Non,Non,,2,6
yg,ldodo,djzlk@ell.fr,0786546756,3 rue fgihkh dfgsyejr,1,Non,null,pass3jours,null,null,Non,Non,Non,Non,Non,Non,Non,Non,,,
yg,ldodo,djzlk@ell.fr,0786546756,3 rue fgihkh dfgsyejr,1,Non,null,pass3jours,null,null,Non,Non,Non,Non,Non,Non,Non,Non,,,
yg,ldodo,djzlk@ell.fr,0786546756,3 rue fgihkh dfgsyejr,1,Non,null,pass3jours,null,null,Non,Non,Non,Non,Non,Non,Non,Non,,,
yg,ldodo,djclzj@chgchgc,0786546756,3 rue fgihkhhk,3,Non,null,pass2jours,null,Jour12,Non,Non,Non,Non,Non,Non,Non,Non,Non,,
yg,ldodo,djclzj@chgchgc,0786546756,3 rue fgihkhhk,3,Non,null,pass2jours,null,Jour12,Non,Non,Non,Non,Non,Non,Non,Non,Non,,
yg,ldodo,djclzj@chgchgc,0786546756,3 rue fgihkhhk,4,Non,null,pass1jour,Jour1,null,Non,Non,Non,Non,Non,Non,Non,Non,Non,,
yg,ldodo,djclzj@chgchgc,0786546756,3 rue fgihkhhk,4,Non,null,pass1jour,Jour1,null,Non,Non,Non,Non,Non,Non,Non,Non,Non,,
yg,ldodo,djzlk@ell.fr,0786546756,3 rue fgihkhhk,2,Non,null,pass3jours,null,null,Non,Non,Non,Non,Non,Non,Non,Non,,,
loels,ldodo,djzlk@ell.fr,0786546756,3 rue fgihkh dfgsyejr,2,Non,null,pass3jours,null,null,Non,Non,Non,Non,Non,Non,Non,Non,Non,,
loels,ldodo,djzlk@ell.fr,0786546756,3 rue fgihkh dfgsyejr,2,Non,null,pass3jours,null,null,Non,Non,Non,Non,Non,Non,Non,Non,Non,,
loels,ldodo,djzlk@ell.fr,0786546756,3 rue fgihkh dfgsyejr,2,Non,null,pass3jours,null,null,Non,Non,Non,Non,Non,Non,Non,Non,Non,,
loels,ldodo,djzlk@ell.fr,0786546756,3 rue fgihkh dfgsyejr,2,Non,null,pass3jours,null,null,Non,Non,Non,Non,Non,Non,Non,Non,Non,,
yg,ldodo,djclzj@chgchgc,0786546756,3 rue fgihkhhk,1,Non,null,pass1jour,Jour1,null,Oui,Non,Non,Non,Non,vanNuit2,Non,Non,Oui,2,4
loels,ldodo,djclzj@chgchgc,0786546756,3 rue fgihkhhk,1,Non,null,pass1jour,Jour1,null,Non,Non,Non,Non,Non,Non,Non,Non,Non,0,0
loels,ldodo,djclzj@chgchgc,0786546756,3 rue fgihkhhk,1,Non,null,pass1jour,Jour1,null,Non,Non,Non,Non,Non,Non,Non,Non,Non,0,0
loels,ldodo,djclzj@chgchgc,0786546756,3 rue fgihkhhk,1,Non,null,pass1jour,Jour1,null,Non,Non,Non,Non,Non,Non,Non,Non,Non,0,0
ajjj,hu,djclzj@chgchgc,0786546756,3 rue fgihkh dfgsyejr,2,Non,null,pass3jours,null,null,Non,Non,Non,Non,Non,Non,Non,Non,Non,0,0
loels,ldodo,djclzj@chgchgc,0786546756,3 rue fgihkhhk,3,Non,null,pass1jour,Jour1,null,Non,Non,Non,Non,Non,Non,Non,Non,Non,0,0
loels,ldodo,djclzj@chgchgc,0786546756,3 rue fgihkhhk,3,Non,null,pass1jour,Jour1,null,Non,Non,Non,Non,Non,Non,Non,Non,Non,0,0
loels,ldodo,djclzj@chgchgc,0786546756,3 rue fgihkhhk,3,Non,null,pass1jour,Jour1,null,Non,Non,Non,Non,Non,Non,Non,Non,Non,0,0
loels,ldodo,djclzj@chgchgc,0786546756,3 rue fgihkhhk,3,Non,null,pass1jour,Jour1,null,Non,Non,Non,Non,Non,Non,Non,Non,Non,0,0
loels,ldodo,djclzj@chgchgc,0786546756,3 rue fgihkhhk,3,Non,null,pass1jour,Jour1,null,Non,Non,Non,Non,Non,Non,Non,Non,Non,0,0
loels,ldodo,djclzj@chgchgc,0786546756,3 rue fgihkhhk,3,Non,null,pass1jour,Jour1,null,Non,Non,Non,Non,Non,Non,Non,Non,Non,0,0
loels,ldodo,djclzj@chgchgc,0786546756,3 rue fgihkhhk,3,Non,null,pass1jour,Jour1,null,Non,Non,Non,Non,Non,Non,Non,Non,Non,0,0
loels,ldodo,djzlk@ell.fr,0786546756,3 rue fgihkhhk,2,Non,null,pass3jours,null,null,Non,Non,Non,Non,Non,Non,Non,Non,Non,0,0
loels,ldodo,djclzj@chgchgc,0786546756,3 rue fgihkh dfgsyejr,2,Non,null,pass3jours,null,null,Non,Non,Non,Non,Non,Non,Non,Non,Non,0,0
loels,hu,djzlk@ell.fr,0786546756,3 rue fgihkh dfgsyejr,1,Non,null,pass3jours,null,null,Non,Non,Non,Non,Non,Non,Non,Non,Non,0,0
loels,hu,djzlk@ell.fr,0786546756,3 rue fgihkh dfgsyejr,1,Non,null,pass3jours,null,null,Non,Non,Non,Non,Non,Non,Non,Non,Non,0,0
loels,hu,djzlk@ell.fr,0786546756,3 rue fgihkh dfgsyejr,1,Non,null,pass3jours,null,null,Non,Non,Non,Non,Non,Non,Non,Non,Non,0,0
tbf,trbgt,fdfd@vervr.com,0619283948,fdfdfs,1,Non,null,pass1jour,Jour1,null,Non,Non,Non,Non,Non,Non,Non,Non,Non,0,0
yg,ldodo,djzlk@ell.fr,0786546756,3 rue fgihkh dfgsyejr,1,Non,null,pass3jours,null,null,Non,Oui,Non,Non,Non,Non,vanNuit3,Non,Non,0,0
yg,ldodo,djzlk@ell.fr,0786546756,3 rue fgihkh dfgsyejr,1,x,x,pass3jours,null,null,Non,Oui,Non,Non,Non,Non,vanNuit3,Non,Non,0,0
yg,ldodo,djzlk@ell.fr,0786546756,3 rue fgihkh dfgsyejr,1,x,x,pass3jours,x,x,x,Oui,x,x,x,x,vanNuit3,x,Non,0,0
loels,ldodo,djzlk@ell.fr,0786546756,3 rue fgihkhhk,1,x,x,pass3jours,x,x,x,x,x,x,x,x,x,x,Non,0,0
loels,ldodo,djzlk@ell.fr,0786546756,3 rue fgihkhhk,1,x,x,pass3jours,x,x,x,x,x,x,x,x,x,x,Non,0,0
loels,ldodo,djzlk@ell.fr,0786546756,3 rue fgihkhhk,1,Oui,x,pass2jours,x,Jour23,x,x,x,x,x,x,x,x,Non,0,0
loels,ldodo,djclzj@chgchgc,0786546756,3 rue fgihkhhk,1,Oui,pass3joursReduit,pass1jour,Jour3,x,x,x,x,x,x,x,x,x,Non,0,0
loels,ldodo,djclzj@chgchgc,0786546756,3 rue fgihkhhk,1,Oui,pass3joursReduit,pass1jour,Jour3,x,x,x,x,x,x,x,x,x,Non,0,0
loels,ldodo,djzlk@ell.fr,0786546756,3 rue fgihkhhk,1,x,x,pass1jour,Jour1,x,x,x,x,x,x,vanNuit2,x,x,Non,0,0
loels,ldodo,djzlk@ell.fr,0786546756,3 rue fgihkhhk,1,x,x,pass1jour,Jour1,x,x,x,x,x,x,vanNuit2,x,x,Non,0,0
loels,ldodo,djzlk@ell.fr,0786546756,3 rue fgihkh dfgsyejr,1,x,x,pass1jour,Jour1,x,x,x,x,x,x,x,x,x,Non,0,0
loels,hu,djzlk@ell.fr,0786546756,3 rue fgihkh dfgsyejr,1,x,x,pass1jour,Jour1,x,x,x,x,x,x,x,x,x,Non,0,0
loels,ldodo,djclzj@chgchgc,0786546756,3 rue fgihkhhk,1,x,x,pass3jours,x,x,x,x,x,x,x,x,x,x,Non,0,0
yg,hu,djzlk@ell.fr,0786546756,3 rue fgihkhhk,1,x,x,pass2jours,x,Jour23,x,x,x,x,x,x,x,x,Non,0,0
tbf,trbgt,fdfd@vervr.com,0619283948,fdfdfs,1,x,x,pass3jours,x,x,x,x,x,x,x,x,x,x,Non,0,0
